task,method,seed,cost,success,strict_success,violation,reach_avoid,steps,training_interactions,online_model_predictions,evaluation_interactions,input_sha,checkpoint_sha,noise_std_action_range_fraction
stochastic_continuous_braking_car,SMoSE,0,6.377419602447774,1.0,1.0,0.0,1.0,1.0,100000,0,20,f2eab2189687c0c411796b19cebadaad066e42c8f7bc3720217c6b841f5710e6,de3a9246a39839b6f0a193fdf999a760106ea2f2ddc3fbd4be75bb1a2f0a0316,0.05
stochastic_continuous_braking_car,SAC,0,4.791545526781624,1.0,1.0,0.0,1.0,1.15,100000,0,23,f2eab2189687c0c411796b19cebadaad066e42c8f7bc3720217c6b841f5710e6,5e5547e0b4f571f0fd92e972098991b769d0fa2978cca9f87782e3d1c06f2ebc,0.05
stochastic_pendulum_swing_up,SMoSE,0,57.25281257944441,1.0,1.0,0.0,1.0,64.8,100000,0,1296,bfa0c369e556f8030d9c38760272098992ac5c68ad372d69151195d5a612242d,f7a93b54dceb958fc0a3a8513f4b594d1bbfd72f098091c1dd93697ba356c55d,0.05
stochastic_pendulum_swing_up,SAC,0,57.05544942321785,1.0,1.0,0.0,1.0,49.0,100000,0,980,bfa0c369e556f8030d9c38760272098992ac5c68ad372d69151195d5a612242d,5d056045100e4a56c57bfbdd3c9ba6bb6d8d7d6af9eaad438eadbaa26dea5797,0.05
stochastic_continuous_point_mass,SMoSE,0,8.70765190934464,1.0,1.0,0.0,1.0,15.3,100000,0,306,10dd253944f7780ceb827ea7204ad283760116d2e3e15e99b73149f5190b2ca2,6d789c7ad43e37b6ea9d74ee6ba4fa4280fed9055bd2253f3e9fffa169fa18c6,0.05
stochastic_continuous_point_mass,SAC,0,8.298980086017227,1.0,1.0,0.0,1.0,15.0,100000,0,300,10dd253944f7780ceb827ea7204ad283760116d2e3e15e99b73149f5190b2ca2,1e2074775d26924f63b8a22e4fc94c0395b5a81bdbdd35152009e2dd3bb6950e,0.05
stochastic_continuous_double_integrator_parking,SMoSE,0,3.7992458553224373,1.0,1.0,0.0,1.0,12.25,100000,0,245,81d141675fe12c5ab5591e17630665e93898578cec1f96be6895dd3671301f52,cd692c4e1cf2313a9608c922fa6b087f3742c82dc9b89e385f88f55a7f11ec40,0.05
stochastic_continuous_double_integrator_parking,SAC,0,3.6361863370609244,1.0,1.0,0.0,1.0,10.25,100000,0,205,81d141675fe12c5ab5591e17630665e93898578cec1f96be6895dd3671301f52,175717783a3ce0c09d9939836e6c30ae37d71cec40ff00a6acde186964110202,0.05
stochastic_continuous_braking_car,SMoSE,1,10.927621690611428,0.95,0.95,0.05,0.95,1.15,100000,0,23,f30310ffd1992aadf0c03f695843f0c1ab8e155dafbcbd72c5a9833bae3a503d,d5e5987d28f3f1cb97ce909a59d472f6b674504e96af33725aff2e303e34fcbc,0.05
stochastic_continuous_braking_car,SAC,1,10.007725752524038,0.95,0.95,0.05,0.95,1.05,100000,0,21,f30310ffd1992aadf0c03f695843f0c1ab8e155dafbcbd72c5a9833bae3a503d,fc3841bc43cc55d52a3266cfe7c7b75b128f2fbd034d537565a9ae8b8843bef9,0.05
stochastic_pendulum_swing_up,SMoSE,1,38.58607797667823,1.0,1.0,0.0,1.0,45.4,100000,0,908,b72145197c9a0608f0b3b430d9168538d3c991945249c01b8ec871317389bac4,c92dd60674bc32a3db250545033c6f1663f2584f971abb63f91782f060a80e5f,0.05
stochastic_pendulum_swing_up,SAC,1,36.89278471411115,1.0,1.0,0.0,1.0,47.3,100000,0,946,b72145197c9a0608f0b3b430d9168538d3c991945249c01b8ec871317389bac4,9d7a05a7958bbcb029436d1ca6b39e05ab3a24ea37074545b221df364cd60aa7,0.05
stochastic_continuous_point_mass,SMoSE,1,10.380908529209648,0.95,0.95,0.0,0.95,22.05,100000,0,441,b49531da55645fc741985e2b1a9a5e974b7be4b191a5af5130255fe991e87127,55e72b43a3294aafb03f356c815e9baadb3b58a384953a609c0a14b483a13085,0.05
stochastic_continuous_point_mass,SAC,1,8.310764597859624,1.0,1.0,0.0,1.0,15.3,100000,0,306,b49531da55645fc741985e2b1a9a5e974b7be4b191a5af5130255fe991e87127,963ada2d8c9abb2595c1abb54040cc1a10e202ecd276d8c47039ceb472a14c4b,0.05
stochastic_continuous_double_integrator_parking,SMoSE,1,3.1146871313625804,1.0,1.0,0.0,1.0,10.05,100000,0,201,43072a35a7e451151d595ed18d496b5b873513f52619fdac37dc8b022f79d1b6,0ae32622b4f7a24b3aa664f4c39a82c27992195d834d8124ce7378a8cf7a5b1c,0.05
stochastic_continuous_double_integrator_parking,SAC,1,3.1017852888758926,1.0,1.0,0.0,1.0,9.45,100000,0,189,43072a35a7e451151d595ed18d496b5b873513f52619fdac37dc8b022f79d1b6,7a784973583bd5dfc9ca7cf268996fff7da0a3004d0e62815ce21e58ee179e3d,0.05
stochastic_continuous_braking_car,SMoSE,2,9.871168113677225,0.95,0.95,0.05,0.95,1.2,100000,0,24,402e41c2d9a250211862086d7351dae69d0c9893bee657702ab0fcb489e9ce26,8126e0e612928bfa2c5cb97f3687f92f81f32d227dc34f8296a1592e473c05e3,0.05
stochastic_continuous_braking_car,SAC,2,9.237912091204787,0.95,0.95,0.05,0.95,1.15,100000,0,23,402e41c2d9a250211862086d7351dae69d0c9893bee657702ab0fcb489e9ce26,8da8dab3954dec29651935b0fc53186db7e8d52a18dc555149458b8a5b6034b6,0.05
stochastic_pendulum_swing_up,SMoSE,2,46.71211315504384,1.0,1.0,0.0,1.0,49.15,100000,0,983,07e7e0fe4f17785d48c57b87b120fcda5d2a8aa1970b6ce51ad05b902126a9de,f7abf6fbbdbc2004e68371cab3e4847c696c1001cd6b8a9036ca69a8034ea45f,0.05
stochastic_pendulum_swing_up,SAC,2,46.09258951518611,1.0,1.0,0.0,1.0,46.3,100000,0,926,07e7e0fe4f17785d48c57b87b120fcda5d2a8aa1970b6ce51ad05b902126a9de,6a0e8040298cf0df82674f251de5acb48023d1a2457be547ee8b8197aad8a5fd,0.05
stochastic_continuous_point_mass,SMoSE,2,21.304937271842526,0.0,0.0,0.0,0.0,120.0,100000,0,2400,a2cfa5146b6a3285cc6b050b9e3a2ab6845fdb3683c12e37d9095aea65734832,79c1897fdc90769a8b2c46a95847f7fbe95b9df3fbed92c39f7741dbfc2323cb,0.05
stochastic_continuous_point_mass,SAC,2,9.288596441978104,1.0,1.0,0.05,0.95,15.15,100000,0,303,a2cfa5146b6a3285cc6b050b9e3a2ab6845fdb3683c12e37d9095aea65734832,9139e77f4124421a198b1ba370f4d8a8045684c0e3c838976fddca1fbb3c0078,0.05
stochastic_continuous_double_integrator_parking,SMoSE,2,3.7823315430391924,1.0,1.0,0.0,1.0,10.55,100000,0,211,747aa80f7e9f6e9f909ce441b30154480fee5a3998b8c1818a526e1493e14b19,34e8a3d83700a3e90323f5bdf2893e162eec06a5ed0e89ca6e5f1c688625fd01,0.05
stochastic_continuous_double_integrator_parking,SAC,2,3.763962077198264,1.0,1.0,0.0,1.0,10.6,100000,0,212,747aa80f7e9f6e9f909ce441b30154480fee5a3998b8c1818a526e1493e14b19,7fd652d76cc09c50cf7e1a92cacc5968975a580c68eede3701ea5963c412d55c,0.05
stochastic_continuous_braking_car,SMoSE,3,10.839333334610817,0.95,0.95,0.05,0.95,1.1,100000,0,22,e1ed36fbd5efcedaf6ac6792a8df5d68f380001d314ac8a72b49c4f9d2124ced,174b837d53d6084f65dcc484cd6e1c13834e851cff61e1c661171a128f1bceec,0.05
stochastic_continuous_braking_car,SAC,3,9.25834710575744,0.95,0.95,0.05,0.95,1.1,100000,0,22,e1ed36fbd5efcedaf6ac6792a8df5d68f380001d314ac8a72b49c4f9d2124ced,bcbe1402f014f282d3f474f30a86c7ffed7838b319f0c64720dafc553f58f9c3,0.05
stochastic_pendulum_swing_up,SMoSE,3,48.58470458069132,1.0,1.0,0.0,1.0,48.85,100000,0,977,ee707dc0e359bb31a5438810355c2518b210680d33ba582e74982731feb9490f,1c4d3f51acbeea5609fae768e56e73db8676b221ea22f2fe5effd58e341647bc,0.05
stochastic_pendulum_swing_up,SAC,3,47.664211374515325,1.0,1.0,0.0,1.0,45.45,100000,0,909,ee707dc0e359bb31a5438810355c2518b210680d33ba582e74982731feb9490f,cbc2c86c0428a717a8cef992b4461b7b2c06ff78c40387322d1cc47c1255ffef,0.05
stochastic_continuous_point_mass,SMoSE,3,29.059186995234256,0.0,0.0,0.0,0.0,120.0,100000,0,2400,e4da0c7ec40534f1ec9ee0e6ef0527b3c780b57b9226548222c2d00d9103e60d,645ef0ceb7aee306165bec9d9660df8166ebea5f69fb407d51e5b06db9e18263,0.05
stochastic_continuous_point_mass,SAC,3,8.419211462342606,1.0,1.0,0.0,1.0,15.3,100000,0,306,e4da0c7ec40534f1ec9ee0e6ef0527b3c780b57b9226548222c2d00d9103e60d,dc313997acae11b33bfd203fac3b522fc3b27cf8be812430a4c53812a1c4d091,0.05
stochastic_continuous_double_integrator_parking,SMoSE,3,3.2466874198685742,1.0,1.0,0.0,1.0,10.55,100000,0,211,9d240c88e702df625451d6b28a0dee7e6509fa458cd8a5c6ed82aff6c47a8f22,a25c7f4c9d2ddab05838eb239fcdcced045131297a9cffcca2977e46edb74ae3,0.05
stochastic_continuous_double_integrator_parking,SAC,3,3.2210759920805003,1.0,1.0,0.0,1.0,10.3,100000,0,206,9d240c88e702df625451d6b28a0dee7e6509fa458cd8a5c6ed82aff6c47a8f22,ac5b2062b96b8844b1b5cc8dfe5750e42caf228d9a0d4525c0806e0e764c4620,0.05
stochastic_continuous_braking_car,SMoSE,4,20.12329004776453,0.85,0.85,0.15,0.85,1.05,100000,0,21,fb5da1f162ea0d3aabb38fddd6245b9dcb0487d8b8348a3f1a15f981fe28c7da,e1a470b2e914d0c8fa5fd744c989a670c75e82853af2009ba7602a994a238ac4,0.05
stochastic_continuous_braking_car,SAC,4,14.410902167310297,0.9,0.9,0.1,0.9,1.1,100000,0,22,fb5da1f162ea0d3aabb38fddd6245b9dcb0487d8b8348a3f1a15f981fe28c7da,c8030e967ad6d5db3b8fb4852ad678b708157fc6918bdd74c9062e3caa8b896e,0.05
stochastic_pendulum_swing_up,SMoSE,4,47.864232977942095,1.0,1.0,0.0,1.0,44.45,100000,0,889,4cf7e85dce3f19f12c0dbf4c62fe1c768ffe8ad38f9004de96def243daff3fe0,da67124f192643a8636793b8e181a2ec8c00d84f7582cfd7cc55a392ed7d7a4b,0.05
stochastic_pendulum_swing_up,SAC,4,47.43435413685036,1.0,1.0,0.0,1.0,47.2,100000,0,944,4cf7e85dce3f19f12c0dbf4c62fe1c768ffe8ad38f9004de96def243daff3fe0,0a1259542730a11dca8f66d7aec4e9b2ff54ce06f1a64cde28cbe7216a8a5180,0.05
stochastic_continuous_point_mass,SMoSE,4,24.666565814642205,0.0,0.0,0.0,0.0,120.0,100000,0,2400,86f06336c23c0ea4e7f1bc60c55d857e939162ecbbf9337872384805d7d9fbf3,a03926bb437540f9e315a861eca536bc682fbff240a0379051fd099790fc73a0,0.05
stochastic_continuous_point_mass,SAC,4,8.32022483510837,1.0,1.0,0.0,1.0,15.15,100000,0,303,86f06336c23c0ea4e7f1bc60c55d857e939162ecbbf9337872384805d7d9fbf3,7b107ada4a7374b75e41ff9edb00903264d82cb0dcea1939fbdab42fe8fb224c,0.05
stochastic_continuous_double_integrator_parking,SMoSE,4,3.7736161922824665,1.0,1.0,0.0,1.0,10.35,100000,0,207,32ce289c84302c75843f3b40c5012981246463a748c677c7d336cb94cef4925f,1ae9b6b4a5945288bd7a9e830085f260f84ad7eb73c072bf3c48c1f3874f2092,0.05
stochastic_continuous_double_integrator_parking,SAC,4,3.730466432807854,1.0,1.0,0.0,1.0,10.1,100000,0,202,32ce289c84302c75843f3b40c5012981246463a748c677c7d336cb94cef4925f,ebacd0902a7b2d5453e2a4c2e6cbff69d1a8fd842095ba47ef12cd7dec8946a5,0.05
stochastic_continuous_braking_car,SMoSE,5,14.128909622995891,0.9,0.9,0.1,0.9,1.15,100000,0,23,7787fb4cfd382e904dd4f8aff2a5a41e75b88b83b8714666ef9c5668d64c1774,0146575e01fc6f90c469db1bda181d6f1b92d289a8297d846d4b28058b350701,0.05
stochastic_continuous_braking_car,SAC,5,13.300989871086887,0.9,0.9,0.1,0.9,1.25,100000,0,25,7787fb4cfd382e904dd4f8aff2a5a41e75b88b83b8714666ef9c5668d64c1774,9bbde54645fb1b2cf591c950dcc7306a4a312d1ff1e845dfcb47b7fa2f1ffbcd,0.05
stochastic_pendulum_swing_up,SMoSE,5,51.4454162158036,1.0,1.0,0.0,1.0,47.25,100000,0,945,f0b2bce107a9402b8170215c933c5a225db2ed223a0df4f03b7159867db9d578,58bffcc3f7f214d647ff25ce451a1af14304f3186a8ade74a1fec2c7e54d3f34,0.05
stochastic_pendulum_swing_up,SAC,5,46.47011938899219,1.0,1.0,0.0,1.0,43.9,100000,0,878,f0b2bce107a9402b8170215c933c5a225db2ed223a0df4f03b7159867db9d578,742f9bd8d0aca6042677ac8d7cec290ccfe06f2b19958dbdab88c1d9dfa40449,0.05
stochastic_continuous_point_mass,SMoSE,5,48.05615976134104,0.0,0.0,0.0,0.0,120.0,100000,0,2400,2bcdc65cda3e4c43767878730b2fca6f1cee7774482ffa229d8f3a0c0906d04b,e30e8a2087ae05f030ba3c2c3619b7abbf082f4bb8c07ca8ecddbe12681294a3,0.05
stochastic_continuous_point_mass,SAC,5,8.289909379204364,1.0,1.0,0.0,1.0,14.95,100000,0,299,2bcdc65cda3e4c43767878730b2fca6f1cee7774482ffa229d8f3a0c0906d04b,afb144b3c9cee0ff8b75b9e3da9fded0fd4490f301fffea6e4414cfbd2e56d32,0.05
stochastic_continuous_double_integrator_parking,SMoSE,5,3.3195194167726263,1.0,1.0,0.0,1.0,9.5,100000,0,190,f39360e338aa81990b6dd8e1c2437a62235d124f1656b395df81288517c0dd89,ce62b1d2e1f7e73170e625f25d908ac295cd056b29270bc8f1da1f947d843ee2,0.05
stochastic_continuous_double_integrator_parking,SAC,5,3.3144384111344545,1.0,1.0,0.0,1.0,9.55,100000,0,191,f39360e338aa81990b6dd8e1c2437a62235d124f1656b395df81288517c0dd89,c4700af7a6b52d0d0211b1c9d58c52e37585181f6d541ccbff558c224affe41d,0.05
stochastic_continuous_braking_car,SMoSE,6,15.89477822587222,0.9,0.9,0.1,0.9,1.05,100000,0,21,92c1bd940d1ef8a0d19d362ab192bab108ab99ce157d931d13f81b1295c5def3,d8711e166f7a86776d2f46ec748e2d22b66b5965e5619e10f8fed434478e0812,0.05
stochastic_continuous_braking_car,SAC,6,14.78426304978702,0.9,0.9,0.1,0.9,1.05,100000,0,21,92c1bd940d1ef8a0d19d362ab192bab108ab99ce157d931d13f81b1295c5def3,e19cfc23bcfd97f94d4f6d9c3133192d34d95d0cb33b267d0f68912a5a729986,0.05
stochastic_pendulum_swing_up,SMoSE,6,48.82401229063743,1.0,1.0,0.0,1.0,48.0,100000,0,960,46638e8e55dc6a342293db8dbf8bbbe3cb9348c94023e3503a4c9c8c3a4c02fb,4f7cce415dc8829b2d3831a6cd04ffad5d623c662acc0f581d31e457875fe6e0,0.05
stochastic_pendulum_swing_up,SAC,6,44.36837070245035,1.0,1.0,0.0,1.0,44.3,100000,0,886,46638e8e55dc6a342293db8dbf8bbbe3cb9348c94023e3503a4c9c8c3a4c02fb,8dfb6bb0b7bfe836a68f9bd957c30214b125cee878d728407c255e0bba34e463,0.05
stochastic_continuous_point_mass,SMoSE,6,54.397976663549215,0.0,0.0,0.0,0.0,120.0,100000,0,2400,cb11860dd2e9f5a56f9514290c7f49f321e5ed81bca2b86400cd672a896bf3f7,ee58d83644b85e5f58965710881f399b4ebff11ff12153831e6f9400bd5c4f64,0.05
stochastic_continuous_point_mass,SAC,6,7.943561108947248,1.0,1.0,0.0,1.0,14.7,100000,0,294,cb11860dd2e9f5a56f9514290c7f49f321e5ed81bca2b86400cd672a896bf3f7,9d1972cc0432de2703e20f36c357c81d1041ec7e2c9238500bf551a9d58bee28,0.05
stochastic_continuous_double_integrator_parking,SMoSE,6,3.3294806900738285,1.0,1.0,0.0,1.0,9.95,100000,0,199,67c916e5b6e7090c1580e857d6901fb475dbb956c4e0e3326646c84edcb9e336,66e5fec320eba4913ceb833da7a800e30d4274011a52daa957fb6ea289b6e9b6,0.05
stochastic_continuous_double_integrator_parking,SAC,6,3.292148533051285,1.0,1.0,0.0,1.0,9.55,100000,0,191,67c916e5b6e7090c1580e857d6901fb475dbb956c4e0e3326646c84edcb9e336,48150c2dcdc62b716f2da8556eb3fee364d7eb3114ad089493070d8b31d2af44,0.05
stochastic_continuous_braking_car,SMoSE,7,15.27747669886553,0.9,0.9,0.1,0.9,1.05,100000,0,21,6484398345d7233e0cbdcc61ece9d1e6ac3d6eb9487cdaecb348a161a4da4002,25fe080115d74fa9cdecec60bea8dc29b43014923fd974f1daaa040aa653ca83,0.05
stochastic_continuous_braking_car,SAC,7,14.095692874718868,0.9,0.9,0.1,0.9,1.05,100000,0,21,6484398345d7233e0cbdcc61ece9d1e6ac3d6eb9487cdaecb348a161a4da4002,d9777aa65d84d878a5de12d7d231a18bd991946d7de75a0193b092462a8e2bc1,0.05
stochastic_pendulum_swing_up,SMoSE,7,37.55332180809711,1.0,1.0,0.0,1.0,45.35,100000,0,907,e985103a481811be9cab7324edac370666b96983910fee94c659a9f5ff1da36d,d97c83442789340da6dba7fa5300f89df96709238d61c858759657766a7e3365,0.05
stochastic_pendulum_swing_up,SAC,7,34.30948719412642,1.0,1.0,0.0,1.0,43.3,100000,0,866,e985103a481811be9cab7324edac370666b96983910fee94c659a9f5ff1da36d,12fb70fa2d81460e6f57ed946e734c7f6f093122a3608d1ab6da4bea6be8cda2,0.05
stochastic_continuous_point_mass,SMoSE,7,9.699707203511554,1.0,1.0,0.0,1.0,16.65,100000,0,333,09ddcdda08ab6d9073ee62375e82dd156982977ce712e1d0a681627261fd61bf,578dd2883598ef0618d40142556d46c67cf238829b70d089bc2ba40d13c4f145,0.05
stochastic_continuous_point_mass,SAC,7,8.435938758242452,1.0,1.0,0.0,1.0,15.25,100000,0,305,09ddcdda08ab6d9073ee62375e82dd156982977ce712e1d0a681627261fd61bf,1021a3d99d5f873f1af42e23add4d6f42d08ed5ade3174db2c0fcd98f14b77f2,0.05
stochastic_continuous_double_integrator_parking,SMoSE,7,3.201762440148473,1.0,1.0,0.0,1.0,10.95,100000,0,219,0c3a42f7951bda4609c65f6ef4734e4858c7cc9047428038aacd377aaddc5163,e802e167c9100fa74d0131f1611e773926caa5674a1b1eec821953b6de7e0dd7,0.05
stochastic_continuous_double_integrator_parking,SAC,7,3.098097877760165,1.0,1.0,0.0,1.0,9.85,100000,0,197,0c3a42f7951bda4609c65f6ef4734e4858c7cc9047428038aacd377aaddc5163,cd2fd337db5b1716885d5b69ae10db85339611fedb25912872130942d698a529,0.05
stochastic_continuous_braking_car,SMoSE,8,13.955406844177912,0.9,0.9,0.1,0.9,1.4,100000,0,28,ede3999d1344a91c491a0e88886cd7a1c87a1e24a7a74d6859e9d74e39b7b07e,5240321a68d052f21c604c2d2cbb0af79a2d3d31ddf938cd9c95d05fd1b03b9d,0.05
stochastic_continuous_braking_car,SAC,8,13.373959066854974,0.9,0.9,0.1,0.9,1.05,100000,0,21,ede3999d1344a91c491a0e88886cd7a1c87a1e24a7a74d6859e9d74e39b7b07e,78d2bfc1f49ac00885ecce53be0920632f231b5591365aba4e7e27763c8dd4be,0.05
stochastic_pendulum_swing_up,SMoSE,8,40.224035245229054,0.95,0.95,0.0,0.95,48.85,100000,0,977,bfadc2470fb7d7154ecd95b0000e4b64a8d49c1b97382be748ba8b41a9efb677,dcc08ee66ad1fc9bcdc723f67dd38e5af7a92efd5c514386f07cb8cf4905a238,0.05
stochastic_pendulum_swing_up,SAC,8,39.787346749606456,1.0,1.0,0.0,1.0,44.35,100000,0,887,bfadc2470fb7d7154ecd95b0000e4b64a8d49c1b97382be748ba8b41a9efb677,75ad10c152f70c1eacb210d554aebb156f077042fe3469d03d83f509405dc4bb,0.05
stochastic_continuous_point_mass,SMoSE,8,9.955261399445629,1.0,1.0,0.0,1.0,17.85,100000,0,357,f8de34dd5bee4a54c411f612de03702a7a5ad631b91ee0ad4f17d1121d908845,842c9e62528c534de665044539b81f9f755f67aaadf1a08365aa52612558f6c8,0.05
stochastic_continuous_point_mass,SAC,8,8.405775461245668,1.0,1.0,0.0,1.0,15.35,100000,0,307,f8de34dd5bee4a54c411f612de03702a7a5ad631b91ee0ad4f17d1121d908845,6d2b4bb43036af21a07844936a16d9e94aa5174c04241fe5a1b4ba764795dd4c,0.05
stochastic_continuous_double_integrator_parking,SMoSE,8,3.2261795925186525,1.0,1.0,0.0,1.0,11.25,100000,0,225,5f07dcfbc871729c66eb10e48ee202deccf48ce1f7e1b1c5816b9c1af1a3c566,6b921e49a85dfeac03413db700b26ffedd280cef7f89abe2cd2980a05153b406,0.05
stochastic_continuous_double_integrator_parking,SAC,8,3.195147698415164,1.0,1.0,0.0,1.0,10.4,100000,0,208,5f07dcfbc871729c66eb10e48ee202deccf48ce1f7e1b1c5816b9c1af1a3c566,5bf1d7c53f4a31ec7a149f311dbc590d87fa4e086107694faa60255ba6b1c915,0.05
stochastic_continuous_braking_car,SMoSE,9,24.207275373029674,0.8,0.8,0.2,0.8,1.2,100000,0,24,989fbd3a7514e09e7265161fb50a3dcd8dc3ffd9e5af9b74966ae87b4fe5a7ce,ad9aa147b6274ffa15d012cbec0577c0bf4179f7ec8e62d5e8f45bfff3d5c721,0.05
stochastic_continuous_braking_car,SAC,9,23.35942967925903,0.8,0.8,0.2,0.8,1.35,100000,0,27,989fbd3a7514e09e7265161fb50a3dcd8dc3ffd9e5af9b74966ae87b4fe5a7ce,78a78eb46c31f9a5ac25f435a2604c7eceeb49827b5be89f8ca9421b82411a78,0.05
stochastic_pendulum_swing_up,SMoSE,9,73.3240474435015,1.0,1.0,0.0,1.0,58.35,100000,0,1167,1b5e3646108e8592900433f65ff63b82624a6ed3b65ae23557c1c3724dd67894,4086e9a2cbe02cfd6500e9537de53ddffbe12db22e14d72e7befda7ae94747c9,0.05
stochastic_pendulum_swing_up,SAC,9,73.47647202378761,0.45,0.45,0.0,0.45,93.65,100000,0,1873,1b5e3646108e8592900433f65ff63b82624a6ed3b65ae23557c1c3724dd67894,3d1d87ef95a05f021e7ab234959df61b9cb59d828dc3ba06c567cf8d7461a778,0.05
stochastic_continuous_point_mass,SMoSE,9,8.811416788863031,1.0,1.0,0.0,1.0,16.0,100000,0,320,931e1ea60057076a31a3aea1e898f2042d31304a0efd2c19cae4e74717c6723c,4497f11114503b3436c7277c299d30516322ba74138f86afce61401d3001ce02,0.05
stochastic_continuous_point_mass,SAC,9,8.196346134621521,1.0,1.0,0.0,1.0,15.0,100000,0,300,931e1ea60057076a31a3aea1e898f2042d31304a0efd2c19cae4e74717c6723c,de5f4db60a440f5ab9eb368eb82c804f29fe1164218c9967e04fa858fbd59333,0.05
stochastic_continuous_double_integrator_parking,SMoSE,9,5.7279164317825,1.0,1.0,0.0,1.0,12.15,100000,0,243,39f7f17a83fb85136e9600bb21edf056bca86f141b5fb50e284bae0a0a39b146,0b52152bd5b20c5234998fe5ba73b26778b757a2b70dce1dd3465b83435040fa,0.05
stochastic_continuous_double_integrator_parking,SAC,9,5.7110546042587425,1.0,1.0,0.0,1.0,11.9,100000,0,238,39f7f17a83fb85136e9600bb21edf056bca86f141b5fb50e284bae0a0a39b146,88c210d8d7b240b4ebe097e0172ad841f2ee9735f2360945b04f49159dcc7c71,0.05
