task,method,metric,mean,std,ci95_low,ci95_high
stochastic_continuous_braking_car,SMoSE,cost,14.160267955405299,5.177379622129864,11.257623097286286,17.382568197999827
stochastic_continuous_braking_car,SMoSE,success,0.9099999999999999,0.05676462121975465,0.875,0.9400000000000001
stochastic_continuous_braking_car,SMoSE,violation,0.09000000000000001,0.056764621219754674,0.06,0.12500000000000003
stochastic_continuous_braking_car,SMoSE,strict_success,0.9099999999999999,0.05676462121975465,0.875,0.9400000000000001
stochastic_continuous_braking_car,SMoSE,reach_avoid,0.9099999999999999,0.05676462121975465,0.875,0.9400000000000001
stochastic_continuous_braking_car,SMoSE,training_interactions,100000.0,0.0,100000.0,100000.0
stochastic_continuous_braking_car,SMoSE,online_model_predictions,0.0,0.0,0.0,0.0
stochastic_continuous_braking_car,SMoSE,evaluation_interactions,22.7,2.3118054512532935,21.5,24.2
stochastic_continuous_braking_car,SAC,cost,12.662076718528496,4.9133241336623215,9.881618790008298,15.735899398429833
stochastic_continuous_braking_car,SAC,success,0.915,0.05296749527356898,0.8800000000000001,0.945
stochastic_continuous_braking_car,SAC,violation,0.085,0.05296749527356902,0.05500000000000001,0.12
stochastic_continuous_braking_car,SAC,strict_success,0.915,0.05296749527356898,0.8800000000000001,0.945
stochastic_continuous_braking_car,SAC,reach_avoid,0.915,0.05296749527356898,0.8800000000000001,0.945
stochastic_continuous_braking_car,SAC,training_interactions,100000.0,0.0,100000.0,100000.0
stochastic_continuous_braking_car,SAC,online_model_predictions,0.0,0.0,0.0,0.0
stochastic_continuous_braking_car,SAC,evaluation_interactions,22.6,2.011080417199781,21.5,23.9
stochastic_pendulum_swing_up,SMoSE,cost,49.03707742730686,10.482557567662168,43.49731892530123,55.74099915551975
stochastic_pendulum_swing_up,SMoSE,success,0.9949999999999999,0.01581138830084191,0.985,1.0
stochastic_pendulum_swing_up,SMoSE,violation,0.0,0.0,0.0,0.0
stochastic_pendulum_swing_up,SMoSE,strict_success,0.9949999999999999,0.01581138830084191,0.985,1.0
stochastic_pendulum_swing_up,SMoSE,reach_avoid,0.9949999999999999,0.01581138830084191,0.985,1.0
stochastic_pendulum_swing_up,SMoSE,training_interactions,100000.0,0.0,100000.0,100000.0
stochastic_pendulum_swing_up,SMoSE,online_model_predictions,0.0,0.0,0.0,0.0
stochastic_pendulum_swing_up,SMoSE,evaluation_interactions,1000.9,129.4874082252359,935.3,1085.7025
stochastic_pendulum_swing_up,SAC,cost,47.35511852228438,11.17905435067541,41.46796520212745,54.551474726781784
stochastic_pendulum_swing_up,SAC,success,0.945,0.17392527130926086,0.835,1.0
stochastic_pendulum_swing_up,SAC,violation,0.0,0.0,0.0,0.0
stochastic_pendulum_swing_up,SAC,strict_success,0.945,0.17392527130926086,0.835,1.0
stochastic_pendulum_swing_up,SAC,reach_avoid,0.945,0.17392527130926086,0.835,1.0
stochastic_pendulum_swing_up,SAC,training_interactions,100000.0,0.0,100000.0,100000.0
stochastic_pendulum_swing_up,SAC,online_model_predictions,0.0,0.0,0.0,0.0
stochastic_pendulum_swing_up,SAC,evaluation_interactions,1009.5,305.51241109541417,896.8,1208.6025
stochastic_continuous_point_mass,SMoSE,cost,22.50397723369837,16.883389903409597,13.33240449708787,33.23358302605042
stochastic_continuous_point_mass,SMoSE,success,0.495,0.5219887184817524,0.195,0.795
stochastic_continuous_point_mass,SMoSE,violation,0.0,0.0,0.0,0.0
stochastic_continuous_point_mass,SMoSE,strict_success,0.495,0.5219887184817524,0.195,0.795
stochastic_continuous_point_mass,SMoSE,reach_avoid,0.495,0.5219887184817524,0.195,0.795
stochastic_continuous_point_mass,SMoSE,training_interactions,100000.0,0.0,100000.0,100000.0
stochastic_continuous_point_mass,SMoSE,online_model_predictions,0.0,0.0,0.0,0.0
stochastic_continuous_point_mass,SMoSE,evaluation_interactions,1375.7,1080.2957465435102,752.7,1994.7
stochastic_continuous_point_mass,SAC,cost,8.390930826556717,0.34591882928652046,8.222423235747538,8.62227161986826
stochastic_continuous_point_mass,SAC,success,1.0,0.0,1.0,1.0
stochastic_continuous_point_mass,SAC,violation,0.005,0.015811388300841896,0.0,0.015000000000000003
stochastic_continuous_point_mass,SAC,strict_success,1.0,0.0,1.0,1.0
stochastic_continuous_point_mass,SAC,reach_avoid,0.9949999999999999,0.01581138830084191,0.985,1.0
stochastic_continuous_point_mass,SAC,training_interactions,100000.0,0.0,100000.0,100000.0
stochastic_continuous_point_mass,SAC,online_model_predictions,0.0,0.0,0.0,0.0
stochastic_continuous_point_mass,SAC,evaluation_interactions,302.3,4.056544780420347,299.8,304.50249999999994
stochastic_continuous_double_integrator_parking,SMoSE,cost,3.652142671317133,0.7756337415360359,3.2994221539436186,4.164912476954474
stochastic_continuous_double_integrator_parking,SMoSE,success,1.0,0.0,1.0,1.0
stochastic_continuous_double_integrator_parking,SMoSE,violation,0.0,0.0,0.0,0.0
stochastic_continuous_double_integrator_parking,SMoSE,strict_success,1.0,0.0,1.0,1.0
stochastic_continuous_double_integrator_parking,SMoSE,reach_avoid,1.0,0.0,1.0,1.0
stochastic_continuous_double_integrator_parking,SMoSE,training_interactions,100000.0,0.0,100000.0,100000.0
stochastic_continuous_double_integrator_parking,SMoSE,online_model_predictions,0.0,0.0,0.0,0.0
stochastic_continuous_double_integrator_parking,SMoSE,evaluation_interactions,215.1,18.174768835454888,204.8,226.4
stochastic_continuous_double_integrator_parking,SAC,cost,3.606436325264325,0.7806893078466797,3.2571968666527695,4.123191303758998
stochastic_continuous_double_integrator_parking,SAC,success,1.0,0.0,1.0,1.0
stochastic_continuous_double_integrator_parking,SAC,violation,0.0,0.0,0.0,0.0
stochastic_continuous_double_integrator_parking,SAC,strict_success,1.0,0.0,1.0,1.0
stochastic_continuous_double_integrator_parking,SAC,reach_avoid,1.0,0.0,1.0,1.0
stochastic_continuous_double_integrator_parking,SAC,training_interactions,100000.0,0.0,100000.0,100000.0
stochastic_continuous_double_integrator_parking,SAC,online_model_predictions,0.0,0.0,0.0,0.0
stochastic_continuous_double_integrator_parking,SAC,evaluation_interactions,203.9,14.363920851293432,196.3,213.1
