benchmark,method,seed,seconds,preparation_seconds,evaluation_seconds,iterations,mean_cost,success_rate,violation_rate,blocks,core_blocks,truncated_blocks,frontier_transitions,absorption_samples,status,model_calls,partition_seconds,absorption_seconds,frontier_solve_seconds,frontier_mode,frontier_backend,exact_action_projection,exact_projection_available,exact_projection_mean_width,exact_projection_feasible_rate,exact_projection_activation_rate,exact_projection_clipping_rate,action_regime,control_route,execution_device,scale_size,grid_state_count,block_compression_ratio,scalability_family,transition_regime,noise_scale,noise_model,action_sample_count,action_perturbation_count,action_perturbation_rate,mean_abs_action_deviation,mean_intended_action,mean_executed_action,frontier_hit_entropy,transition_expectation,scenario_count,evaluation_protocol,topology_noise_projection,topology_noise_interval_probability,topology_noise_support_points,support_aware_control,preparation_model_calls,absorption_model_calls,other_preparation_model_calls,online_model_calls,policy_decisions,online_model_calls_per_decision,model_call_accounting
stochastic_braking_car,SDTA-MDP,0,16.336392900091596,16.025204900070094,0.31118710001464933,2,14.63595,0.9,0.1,6,4,2,32,32,ok,4377,0.33681800006888807,15.68389070010744,0.0031505998922511935,sampled,sampled-forced,False,False,,,,,finite-action,finite-core,cpu,,,,,stochastic,0.1,random-action-slip,33,5,0.15151515151515152,0.5911515151515151,-2.9563636363636365,-2.941515151515152,0.17419373285126794,Monte Carlo absorption estimates,32,isolated execution environment with common per-seed disturbance stream,exact-discrete-slip,1.0,,True,702,702,0,3675,33,111.36363636363636,leaf-dynamics-v2: preparation + online; excludes execution and visualization
stochastic_braking_car,SDTA-MDP,1,19.252511500031687,19.03310500003863,0.21940569998696446,2,10.3477,0.95,0.05,6,4,2,28,32,ok,3255,0.38960429991129786,18.641014000051655,0.0014161999570205808,sampled,sampled-forced,False,False,,,,,finite-action,finite-core,cpu,,,,,stochastic,0.1,random-action-slip,28,1,0.03571428571428571,0.01782142857142857,-4.144821428571428,-4.162642857142857,0.16812420956753546,Monte Carlo absorption estimates,32,isolated execution environment with common per-seed disturbance stream,exact-discrete-slip,1.0,,True,707,707,0,2548,28,91.0,leaf-dynamics-v2: preparation + online; excludes execution and visualization
stochastic_braking_car,SDTA-MDP,2,20.983772700070404,20.554800000041723,0.42897190002258867,2,14.095700000000003,0.9,0.1,6,4,2,31,32,ok,5503,0.47030469996389,20.081433100043796,0.0016771999653428793,sampled,sampled-forced,False,False,,,,,finite-action,finite-core,cpu,,,,,stochastic,0.1,random-action-slip,39,3,0.07692307692307693,0.3715384615384615,-2.474461538461538,-2.3336923076923073,0.18552117185276318,Monte Carlo absorption estimates,32,isolated execution environment with common per-seed disturbance stream,exact-discrete-slip,1.0,,True,701,701,0,4802,39,123.12820512820512,leaf-dynamics-v2: preparation + online; excludes execution and visualization
stochastic_braking_car,SDTA-MDP,3,19.113868699991144,18.854833299992606,0.25903449999168515,1,24.3562,0.8,0.2,6,4,2,26,32,ok,3789,0.43152380001265556,18.420565799926408,0.0013963000383228064,sampled,sampled-forced,False,False,,,,,finite-action,finite-core,cpu,,,,,stochastic,0.1,random-action-slip,30,6,0.2,0.8329333333333333,-3.6707666666666663,-3.137833333333333,0.1721382508547446,Monte Carlo absorption estimates,32,isolated execution environment with common per-seed disturbance stream,exact-discrete-slip,1.0,,True,702,702,0,3087,30,102.9,leaf-dynamics-v2: preparation + online; excludes execution and visualization
stochastic_braking_car,SDTA-MDP,4,20.931560599943623,20.6078070999356,0.32375280000269413,2,25.170399999999997,0.8,0.2,6,4,2,27,32,ok,5850,0.37276919989380985,20.231770199956372,0.0022444999776780605,sampled,sampled-forced,False,False,,,,,finite-action,finite-core,cpu,,,,,stochastic,0.1,random-action-slip,41,5,0.12195121951219512,0.5460975609756098,-2.8016585365853657,-2.986780487804878,0.14710053838907236,Monte Carlo absorption estimates,32,isolated execution environment with common per-seed disturbance stream,exact-discrete-slip,1.0,,True,705,705,0,5145,41,125.48780487804878,leaf-dynamics-v2: preparation + online; excludes execution and visualization
stochastic_braking_car,SDTA-MDP,5,20.440667200018652,20.155701100011356,0.2849655000027269,2,13.6751,0.9,0.1,6,4,2,30,32,ok,3289,0.4329065000638366,19.719926599995233,0.0016199999954551458,sampled,sampled-forced,False,False,,,,,finite-action,finite-core,cpu,,,,,stochastic,0.1,random-action-slip,29,2,0.06896551724137931,0.34448275862068967,-3.036620689655172,-3.0362758620689654,0.21072584688710244,Monte Carlo absorption estimates,32,isolated execution environment with common per-seed disturbance stream,exact-discrete-slip,1.0,,True,692,692,0,2597,29,89.55172413793103,leaf-dynamics-v2: preparation + online; excludes execution and visualization
stochastic_braking_car,SDTA-MDP,6,16.69313119992148,16.38992479990702,0.30320530000608414,2,24.4026,0.8,0.2,6,4,2,33,32,ok,3298,0.3925396000267938,15.994279199978337,0.001393500017002225,sampled,sampled-forced,False,False,,,,,finite-action,finite-core,cpu,,,,,stochastic,0.1,random-action-slip,29,2,0.06896551724137931,0.3275862068965517,-4.227655172413793,-3.900068965517241,0.20071841453699318,Monte Carlo absorption estimates,32,isolated execution environment with common per-seed disturbance stream,exact-discrete-slip,1.0,,True,701,701,0,2597,29,89.55172413793103,leaf-dynamics-v2: preparation + online; excludes execution and visualization
stochastic_braking_car,SDTA-MDP,7,17.88235920004081,17.577882900019176,0.3044755000155419,2,23.7663,0.8,0.2,6,4,2,28,32,ok,4464,0.3860518999863416,17.189952999935485,0.0009639998897910118,sampled,sampled-forced,False,False,,,,,finite-action,finite-core,cpu,,,,,stochastic,0.1,random-action-slip,34,4,0.11764705882352941,0.4266764705882353,-3.077,-2.7978529411764703,0.18197142882003503,Monte Carlo absorption estimates,32,isolated execution environment with common per-seed disturbance stream,exact-discrete-slip,1.0,,True,691,691,0,3773,34,110.97058823529412,leaf-dynamics-v2: preparation + online; excludes execution and visualization
stochastic_braking_car,SDTA-MDP,8,16.919613700010814,16.635070000076666,0.2845430999295786,2,23.0053,0.8,0.2,6,4,2,27,32,ok,4219,0.4398722000187263,16.193509899894707,0.00090230000205338,sampled,sampled-forced,False,False,,,,,finite-action,finite-core,cpu,,,,,stochastic,0.1,random-action-slip,31,3,0.0967741935483871,0.29029032258064513,-2.5663548387096777,-2.5985806451612907,0.18970457333453986,Monte Carlo absorption estimates,32,isolated execution environment with common per-seed disturbance stream,exact-discrete-slip,1.0,,True,691,691,0,3528,31,113.80645161290323,leaf-dynamics-v2: preparation + online; excludes execution and visualization
stochastic_braking_car,SDTA-MDP,9,17.109385499963537,16.644196299952455,0.46518830000422895,2,33.4321,0.7,0.3,6,4,2,29,32,ok,6773,0.3588633999461308,16.28252790006809,0.0016030999831855297,sampled,sampled-forced,False,False,,,,,finite-action,finite-core,cpu,,,,,stochastic,0.1,random-action-slip,49,8,0.16326530612244897,0.9178979591836735,-2.0853877551020403,-1.78169387755102,0.17992865782980808,Monte Carlo absorption estimates,32,isolated execution environment with common per-seed disturbance stream,exact-discrete-slip,1.0,,True,697,697,0,6076,49,124.0,leaf-dynamics-v2: preparation + online; excludes execution and visualization
stochastic_continuous_braking_car,SDTA-MDP,0,92.1374744999921,91.37106909998693,0.7664045999990776,2,5.236328083989269,1.0,0.0,26,22,4,286,32,ok,9940,33.09134270006325,58.263879199977964,0.006042900029569864,sampled,sampled-forced,False,False,,,,,continuous-action,adaptive-candidates,cpu,,,,,stochastic,0.05,gaussian-action-noise,29,24,0.8275862068965517,0.29041988429631577,-3.5106767241379297,-3.595743506199496,0.2743137268566875,Monte Carlo absorption estimates,32,isolated execution environment with common per-seed disturbance stream,bounded-ksigma-representative,0.9544997361036417,3,True,5577,5577,0,4363,29,150.44827586206895,leaf-dynamics-v2: preparation + online; excludes execution and visualization
stochastic_continuous_braking_car,SDTA-MDP,1,92.65296540001873,91.75077519996557,0.902189000044018,2,10.024563626549742,0.95,0.05,26,23,3,293,32,ok,10678,33.17961620003916,58.55637309991289,0.005632699932903051,sampled,sampled-forced,False,False,,,,,continuous-action,adaptive-candidates,cpu,,,,,stochastic,0.05,gaussian-action-noise,30,28,0.9333333333333333,0.3597289118386961,-3.6281458333333325,-3.6056390869308514,0.2699063448256981,Monte Carlo absorption estimates,32,isolated execution environment with common per-seed disturbance stream,bounded-ksigma-representative,0.9544997361036417,3,True,5852,5852,0,4826,30,160.86666666666667,leaf-dynamics-v2: preparation + online; excludes execution and visualization
stochastic_continuous_braking_car,SDTA-MDP,2,91.19437129993457,90.37940179998986,0.8149687999393791,2,9.662908045174778,0.95,0.05,26,22,4,300,32,ok,10689,36.52175209997222,53.8474282999523,0.004064599983394146,sampled,sampled-forced,False,False,,,,,continuous-action,adaptive-candidates,cpu,,,,,stochastic,0.05,gaussian-action-noise,30,25,0.8333333333333334,0.37411587418646136,-3.352,-3.4252720301165183,0.29909048626214574,Monte Carlo absorption estimates,32,isolated execution environment with common per-seed disturbance stream,bounded-ksigma-representative,0.9544997361036417,3,True,5592,5592,0,5097,30,169.9,leaf-dynamics-v2: preparation + online; excludes execution and visualization
stochastic_continuous_braking_car,SDTA-MDP,3,94.12190969998483,93.30274079996161,0.8191681000171229,2,9.78027637480121,0.95,0.05,26,23,3,290,32,ok,11230,36.993778500007465,56.2947285999544,0.005364600103348494,sampled,sampled-forced,False,False,,,,,continuous-action,adaptive-candidates,cpu,,,,,stochastic,0.05,gaussian-action-noise,32,24,0.75,0.2894955882353093,-3.203464843749999,-3.281422734250755,0.2731523138581256,Monte Carlo absorption estimates,32,isolated execution environment with common per-seed disturbance stream,bounded-ksigma-representative,0.9544997361036417,3,True,5863,5863,0,5367,32,167.71875,leaf-dynamics-v2: preparation + online; excludes execution and visualization
stochastic_continuous_braking_car,SDTA-MDP,4,91.73919819993898,91.0933305999497,0.6458670999854803,2,15.130827626551408,0.9,0.1,26,23,3,296,32,ok,10448,35.627534400089644,55.45605199993588,0.0028801000444218516,sampled,sampled-forced,False,False,,,,,continuous-action,adaptive-candidates,cpu,,,,,stochastic,0.05,gaussian-action-noise,29,25,0.8620689655172413,0.26679179255542834,-4.174431034482759,-4.209419177410571,0.29574614889829376,Monte Carlo absorption estimates,32,isolated execution environment with common per-seed disturbance stream,bounded-ksigma-representative,0.9544997361036417,3,True,5840,5840,0,4608,29,158.89655172413794,leaf-dynamics-v2: preparation + online; excludes execution and visualization
stochastic_continuous_braking_car,SDTA-MDP,5,85.99044869991485,85.12030789989512,0.8701399000128731,2,18.59578503234667,0.85,0.15,26,22,4,290,32,ok,10982,34.268708100076765,50.844159400090575,0.002820099936798215,sampled,sampled-forced,False,False,,,,,continuous-action,adaptive-candidates,cpu,,,,,stochastic,0.05,gaussian-action-noise,32,26,0.8125,0.3122626502557175,-2.8553164062500005,-2.887001402859397,0.28822845351556353,Monte Carlo absorption estimates,32,isolated execution environment with common per-seed disturbance stream,bounded-ksigma-representative,0.9544997361036417,3,True,5615,5615,0,5367,32,167.71875,leaf-dynamics-v2: preparation + online; excludes execution and visualization
stochastic_continuous_braking_car,SDTA-MDP,6,85.77531050005928,85.33296969998628,0.44233990006614476,2,19.775053906642775,0.85,0.15,26,22,4,296,32,ok,8218,34.59950629994273,50.71945109998342,0.006064399960450828,sampled,sampled-forced,False,False,,,,,continuous-action,adaptive-candidates,cpu,,,,,stochastic,0.05,gaussian-action-noise,22,20,0.9090909090909091,0.26892758604061584,-5.400130681818181,-5.418808426353399,0.2853419359602385,Monte Carlo absorption estimates,32,isolated execution environment with common per-seed disturbance stream,bounded-ksigma-representative,0.9544997361036417,3,True,5609,5609,0,2609,22,118.5909090909091,leaf-dynamics-v2: preparation + online; excludes execution and visualization
stochastic_continuous_braking_car,SDTA-MDP,7,86.32247040001675,85.53165010001976,0.7908193999901414,2,14.213173324600044,0.9,0.1,26,22,4,286,32,ok,9804,32.63317389995791,52.88193200004753,0.005338600021786988,sampled,sampled-forced,False,False,,,,,continuous-action,adaptive-candidates,cpu,,,,,stochastic,0.05,gaussian-action-noise,26,22,0.8461538461538461,0.34540526366744445,-3.9179375,-3.9977822487807697,0.2829722450372559,Monte Carlo absorption estimates,32,isolated execution environment with common per-seed disturbance stream,bounded-ksigma-representative,0.9544997361036417,3,True,5603,5603,0,4201,26,161.57692307692307,leaf-dynamics-v2: preparation + online; excludes execution and visualization
stochastic_continuous_braking_car,SDTA-MDP,8,87.93019679991994,87.08686939999461,0.8433264999184757,2,13.668892799505514,0.9,0.1,26,22,4,289,32,ok,10523,36.901160200010054,50.17371589993127,0.005103999981656671,sampled,sampled-forced,False,False,,,,,continuous-action,adaptive-candidates,cpu,,,,,stochastic,0.05,gaussian-action-noise,28,26,0.9285714285714286,0.3011221647130267,-3.205950892857143,-3.317837461999825,0.30169416286761047,Monte Carlo absorption estimates,32,isolated execution environment with common per-seed disturbance stream,bounded-ksigma-representative,0.9544997361036417,3,True,5583,5583,0,4940,28,176.42857142857142,leaf-dynamics-v2: preparation + online; excludes execution and visualization
stochastic_continuous_braking_car,SDTA-MDP,9,84.10898180003278,83.58307739999145,0.5259036000352353,2,23.309013815209042,0.8,0.2,26,23,3,317,32,ok,10137,33.99300390004646,49.582335100043565,0.003072399995289743,sampled,sampled-forced,False,False,,,,,continuous-action,adaptive-candidates,cpu,,,,,stochastic,0.05,gaussian-action-noise,29,26,0.896551724137931,0.19175949214643828,-3.6915301724137928,-3.619280519347464,0.30268461068803837,Monte Carlo absorption estimates,32,isolated execution environment with common per-seed disturbance stream,bounded-ksigma-representative,0.9544997361036417,3,True,5852,5852,0,4285,29,147.75862068965517,leaf-dynamics-v2: preparation + online; excludes execution and visualization
stochastic_continuous_double_integrator_parking,SDTA-MDP,0,90.74610290001146,12.818170199985616,77.92793140001595,3,3.767080301496145,1.0,0.0,6,6,0,42,32,ok,496581,0.27322109998203814,12.541252600029111,0.0018459000857546926,sampled,sampled-forced,False,False,,,,,continuous-action,adaptive-candidates,cpu,,,,,stochastic,0.05,gaussian-action-noise,209,145,0.69377990430622,0.05123974590547369,-0.02033492822966507,-0.020989918921344174,0.46031042932076544,Monte Carlo absorption estimates,32,isolated execution environment with common per-seed disturbance stream,bounded-ksigma-representative,0.9544997361036417,3,True,18346,18346,0,478235,209,2288.2057416267944,leaf-dynamics-v2: preparation + online; excludes execution and visualization
stochastic_continuous_double_integrator_parking,SDTA-MDP,1,74.41860719991382,12.01656269992236,62.40204359998461,3,3.1820973092889955,1.0,0.0,6,6,0,39,32,ok,407338,0.28829119994770736,11.724675999954343,0.002013100078329444,sampled,sampled-forced,False,False,,,,,continuous-action,adaptive-candidates,cpu,,,,,stochastic,0.05,gaussian-action-noise,178,119,0.6685393258426966,0.054995944703328935,0.007022471910112359,0.008653054236406655,0.4309706063856288,Monte Carlo absorption estimates,32,isolated execution environment with common per-seed disturbance stream,bounded-ksigma-representative,0.9544997361036417,3,True,18486,18486,0,388852,178,2184.561797752809,leaf-dynamics-v2: preparation + online; excludes execution and visualization
stochastic_continuous_double_integrator_parking,SDTA-MDP,2,82.60182480001822,13.81502380000893,68.7868002000032,2,3.861079218506705,1.0,0.0,6,6,0,44,32,ok,455265,0.26655389997176826,13.546225999947637,0.0010136000346392393,sampled,sampled-forced,False,False,,,,,continuous-action,adaptive-candidates,cpu,,,,,stochastic,0.05,gaussian-action-noise,195,134,0.6871794871794872,0.05461337553072179,0.03333333333333333,0.027862240739414526,0.4542590357294804,Monte Carlo absorption estimates,32,isolated execution environment with common per-seed disturbance stream,bounded-ksigma-representative,0.9544997361036417,3,True,18517,18517,0,436748,195,2239.733333333333,leaf-dynamics-v2: preparation + online; excludes execution and visualization
stochastic_continuous_double_integrator_parking,SDTA-MDP,3,87.2740684999153,13.693468399927951,73.58059949998278,1,3.3436426997416904,1.0,0.0,6,6,0,40,32,ok,493760,0.27984769991599023,13.398825999931432,0.011693899985402822,sampled,sampled-forced,False,False,,,,,continuous-action,adaptive-candidates,cpu,,,,,stochastic,0.05,gaussian-action-noise,198,132,0.6666666666666666,0.05696368693568466,0.03156565656565657,0.030449560401826486,0.42784115483801816,Monte Carlo absorption estimates,32,isolated execution environment with common per-seed disturbance stream,bounded-ksigma-representative,0.9544997361036417,3,True,18572,18572,0,475188,198,2399.939393939394,leaf-dynamics-v2: preparation + online; excludes execution and visualization
stochastic_continuous_double_integrator_parking,SDTA-MDP,4,79.97083280002698,11.746010100003332,68.2248218000168,3,3.822121232903023,1.0,0.0,6,6,0,38,32,ok,462361,0.22798719990532845,11.515649499953724,0.0011978999245911837,sampled,sampled-forced,False,False,,,,,continuous-action,adaptive-candidates,cpu,,,,,stochastic,0.05,gaussian-action-noise,203,142,0.6995073891625616,0.05822043575358041,-0.0332512315270936,-0.032902470453902335,0.4151873638292971,Monte Carlo absorption estimates,32,isolated execution environment with common per-seed disturbance stream,bounded-ksigma-representative,0.9544997361036417,3,True,18420,18420,0,443941,203,2186.9014778325122,leaf-dynamics-v2: preparation + online; excludes execution and visualization
stochastic_continuous_double_integrator_parking,SDTA-MDP,5,70.7381837000139,13.375299200066365,57.36288399994373,2,3.4328337618589395,1.0,0.0,6,6,0,43,32,ok,423576,0.2973218000261113,13.075606400030665,0.0011737000895664096,sampled,sampled-forced,False,False,,,,,continuous-action,adaptive-candidates,cpu,,,,,stochastic,0.05,gaussian-action-noise,185,123,0.6648648648648648,0.05332296003295774,0.016216216216216217,0.011313219291031558,0.48610870053202077,Monte Carlo absorption estimates,32,isolated execution environment with common per-seed disturbance stream,bounded-ksigma-representative,0.9544997361036417,3,True,18412,18412,0,405164,185,2190.0756756756755,leaf-dynamics-v2: preparation + online; excludes execution and visualization
stochastic_continuous_double_integrator_parking,SDTA-MDP,6,78.96386180003174,13.179463500040583,65.78439749998506,3,3.411806955737896,1.0,0.0,6,6,0,38,32,ok,467390,0.2919291000580415,12.881999299977906,0.003669500001706183,sampled,sampled-forced,False,False,,,,,continuous-action,adaptive-candidates,cpu,,,,,stochastic,0.05,gaussian-action-noise,193,135,0.6994818652849741,0.05349869453976036,-0.0012953367875647669,0.002954095856705802,0.43134749809489564,Monte Carlo absorption estimates,32,isolated execution environment with common per-seed disturbance stream,bounded-ksigma-representative,0.9544997361036417,3,True,19005,19005,0,448385,193,2323.2383419689118,leaf-dynamics-v2: preparation + online; excludes execution and visualization
stochastic_continuous_double_integrator_parking,SDTA-MDP,7,84.86985430005006,12.129104700055905,72.74074879998807,1,3.2124884968817904,1.0,0.0,6,6,0,39,32,ok,487066,0.28130049991887063,11.844769299961627,0.0016604999545961618,sampled,sampled-forced,False,False,,,,,continuous-action,adaptive-candidates,cpu,,,,,stochastic,0.05,gaussian-action-noise,201,132,0.6567164179104478,0.05028208653073701,0.021144278606965175,0.017530257634121044,0.4191313531322074,Monte Carlo absorption estimates,32,isolated execution environment with common per-seed disturbance stream,bounded-ksigma-representative,0.9544997361036417,3,True,18590,18590,0,468476,201,2330.726368159204,leaf-dynamics-v2: preparation + online; excludes execution and visualization
stochastic_continuous_double_integrator_parking,SDTA-MDP,8,79.82682529999875,14.836388700059615,64.99043570004869,2,3.2916249182735116,1.0,0.0,6,6,0,42,32,ok,474499,0.4696472000796348,14.36471860005986,0.0009716000640764832,sampled,sampled-forced,False,False,,,,,continuous-action,adaptive-candidates,cpu,,,,,stochastic,0.05,gaussian-action-noise,200,130,0.65,0.050764168179949075,0.04,0.04309116633325428,0.434554065312331,Monte Carlo absorption estimates,32,isolated execution environment with common per-seed disturbance stream,bounded-ksigma-representative,0.9544997361036417,3,True,18534,18534,0,455965,200,2279.825,leaf-dynamics-v2: preparation + online; excludes execution and visualization
stochastic_continuous_double_integrator_parking,SDTA-MDP,9,88.04534720000811,13.30163859995082,74.74370800005272,500,5.816033839610324,1.0,0.0,6,6,0,40,32,ok,599098,0.32131959998514503,12.849021699978039,0.12992830004077405,sampled,sampled-forced,False,False,,,,,continuous-action,adaptive-candidates,cpu,,,,,stochastic,0.05,gaussian-action-noise,244,163,0.6680327868852459,0.05214454351040903,-0.02459016393442623,-0.014176745348510208,0.4210278480273698,Monte Carlo absorption estimates,32,isolated execution environment with common per-seed disturbance stream,bounded-ksigma-representative,0.9544997361036417,3,True,18331,18331,0,580767,244,2380.19262295082,leaf-dynamics-v2: preparation + online; excludes execution and visualization
stochastic_continuous_point_mass,SDTA-MDP,0,616.0133573000785,604.2338526000967,11.77950319997035,3,10.683184430998674,1.0,0.05,135,135,0,3978,32,ok,66798,48.52349119994324,555.5265830999706,0.06462419999297708,sampled,sampled-forced,False,False,,,,,continuous-action,adaptive-candidates,cpu,,,,,stochastic,0.05,gaussian-action-noise,342,340,0.9941520467836257,0.23657776574417722,0.7364135489143626,0.7223426699030555,1.569783295985407,Monte Carlo absorption estimates,32,isolated execution environment with common per-seed disturbance stream,bounded-ksigma-representative,0.9544997361036417,3,True,37678,37678,0,29120,342,85.14619883040936,leaf-dynamics-v2: preparation + online; excludes execution and visualization
stochastic_continuous_point_mass,SDTA-MDP,1,610.8801608000649,600.8850753000006,9.995083900052123,3,8.974855520648447,1.0,0.0,135,135,0,3945,32,ok,66142,48.292061099899,552.4057860000758,0.06444720004219562,sampled,sampled-forced,False,False,,,,,continuous-action,adaptive-candidates,cpu,,,,,stochastic,0.05,gaussian-action-noise,325,325,1.0,0.2500496899531403,0.7338302160363304,0.7548151011489405,1.5680894491591428,Monte Carlo absorption estimates,32,isolated execution environment with common per-seed disturbance stream,bounded-ksigma-representative,0.9544997361036417,3,True,38569,38569,0,27573,325,84.84,leaf-dynamics-v2: preparation + online; excludes execution and visualization
stochastic_continuous_point_mass,SDTA-MDP,2,610.7604493000545,600.1012918000342,10.659155700006522,4,10.094830536634113,1.0,0.0,135,135,0,3958,32,ok,67270,48.62268419994507,551.2602777999127,0.07388710009399801,sampled,sampled-forced,False,False,,,,,continuous-action,adaptive-candidates,cpu,,,,,stochastic,0.05,gaussian-action-noise,354,351,0.9915254237288136,0.23902443890552938,0.6851896260245417,0.6784863026862781,1.5672473439749444,Monte Carlo absorption estimates,32,isolated execution environment with common per-seed disturbance stream,bounded-ksigma-representative,0.9544997361036417,3,True,37905,37905,0,29365,354,82.95197740112994,leaf-dynamics-v2: preparation + online; excludes execution and visualization
stochastic_continuous_point_mass,SDTA-MDP,3,603.4865974000422,594.0570200000657,9.429575799964368,3,9.57459693092823,1.0,0.0,135,135,0,3988,32,ok,65857,48.485662700026296,545.2035744999303,0.10630379989743233,sampled,sampled-forced,False,False,,,,,continuous-action,adaptive-candidates,cpu,,,,,stochastic,0.05,gaussian-action-noise,336,334,0.9940476190476191,0.24254966482551596,0.7324003349208434,0.7407931533777677,1.5619342152095184,Monte Carlo absorption estimates,32,isolated execution environment with common per-seed disturbance stream,bounded-ksigma-representative,0.9544997361036417,3,True,37479,37479,0,28378,336,84.45833333333333,leaf-dynamics-v2: preparation + online; excludes execution and visualization
stochastic_continuous_point_mass,SDTA-MDP,4,587.0627190000378,578.011470300029,9.05124749999959,3,11.169738108429407,1.0,0.05,135,135,0,3966,32,ok,68632,53.665964799933136,524.143878800096,0.06104770000092685,sampled,sampled-forced,False,False,,,,,continuous-action,adaptive-candidates,cpu,,,,,stochastic,0.05,gaussian-action-noise,358,358,1.0,0.26615620557725933,0.6350544158655298,0.6393799976940139,1.5650983711345405,Monte Carlo absorption estimates,32,isolated execution environment with common per-seed disturbance stream,bounded-ksigma-representative,0.9544997361036417,3,True,38532,38532,0,30100,358,84.07821229050279,leaf-dynamics-v2: preparation + online; excludes execution and visualization
stochastic_continuous_point_mass,SDTA-MDP,5,585.3715192999225,576.8449028999312,8.526615099981427,3,10.429139073537355,1.0,0.05,135,135,0,3955,32,ok,66510,52.890148299979046,523.7418473999714,0.0625081000616774,sampled,sampled-forced,False,False,,,,,continuous-action,adaptive-candidates,cpu,,,,,stochastic,0.05,gaussian-action-noise,332,328,0.9879518072289156,0.2488223404235366,0.7511455885358836,0.7562973360049817,1.5596638603458552,Monte Carlo absorption estimates,32,isolated execution environment with common per-seed disturbance stream,bounded-ksigma-representative,0.9544997361036417,3,True,38412,38412,0,28098,332,84.63253012048193,leaf-dynamics-v2: preparation + online; excludes execution and visualization
stochastic_continuous_point_mass,SDTA-MDP,6,587.5286704000318,579.9699529999634,7.558716000057757,3,9.880976209286427,1.0,0.05,135,135,0,3993,32,ok,65740,52.64777569996659,527.1082530999556,0.06837579992134124,sampled,sampled-forced,False,False,,,,,continuous-action,adaptive-candidates,cpu,,,,,stochastic,0.05,gaussian-action-noise,320,318,0.99375,0.2319659186176172,0.7568169474666994,0.7617240828555725,1.5659229348611516,Monte Carlo absorption estimates,32,isolated execution environment with common per-seed disturbance stream,bounded-ksigma-representative,0.9544997361036417,3,True,38566,38566,0,27174,320,84.91875,leaf-dynamics-v2: preparation + online; excludes execution and visualization
stochastic_continuous_point_mass,SDTA-MDP,7,585.2451359999832,578.394905299996,6.850229399977252,3,9.540561985351353,1.0,0.0,135,135,0,3962,32,ok,67446,51.09007489995565,527.1445790000726,0.05168860009871423,sampled,sampled-forced,False,False,,,,,continuous-action,adaptive-candidates,cpu,,,,,stochastic,0.05,gaussian-action-noise,335,333,0.9940298507462687,0.2407351554219714,0.7340531769567757,0.7200034974494389,1.5564878898239827,Monte Carlo absorption estimates,32,isolated execution environment with common per-seed disturbance stream,bounded-ksigma-representative,0.9544997361036417,3,True,39110,39110,0,28336,335,84.58507462686568,leaf-dynamics-v2: preparation + online; excludes execution and visualization
stochastic_continuous_point_mass,SDTA-MDP,8,517.3512068999698,508.77414420002606,8.577062099939212,4,9.363909583132672,1.0,0.0,135,135,0,3982,32,ok,66185,45.83975599997211,462.759033099981,0.06746650009881705,sampled,sampled-forced,False,False,,,,,continuous-action,adaptive-candidates,cpu,,,,,stochastic,0.05,gaussian-action-noise,332,331,0.9969879518072289,0.25498702972099235,0.7244491560204541,0.7352970490698176,1.5663548293700615,Monte Carlo absorption estimates,32,isolated execution environment with common per-seed disturbance stream,bounded-ksigma-representative,0.9544997361036417,3,True,37940,37940,0,28245,332,85.07530120481928,leaf-dynamics-v2: preparation + online; excludes execution and visualization
stochastic_continuous_point_mass,SDTA-MDP,9,516.8126923000673,509.2704917000374,7.542199700023048,3,9.788592523643553,1.0,0.05,135,135,0,3922,32,ok,64778,45.1532202999806,463.96735039993655,0.052878999966196716,sampled,sampled-forced,False,False,,,,,continuous-action,adaptive-candidates,cpu,,,,,stochastic,0.05,gaussian-action-noise,320,319,0.996875,0.24102047770212104,0.7450781614184581,0.7753829993655688,1.5577590479991494,Monte Carlo absorption estimates,32,isolated execution environment with common per-seed disturbance stream,bounded-ksigma-representative,0.9544997361036417,3,True,37737,37737,0,27041,320,84.503125,leaf-dynamics-v2: preparation + online; excludes execution and visualization
stochastic_double_integrator_parking,SDTA-MDP,0,12.619692999986,8.327045599929988,4.29264660004992,2,4.984540214431691,1.0,0.0,6,6,0,27,32,ok,56767,0.33041110006161034,7.994928600033745,0.0009307999862357974,sampled,sampled-forced,False,False,,,,,finite-action,finite-core,cpu,,,,,stochastic,0.1,random-action-slip,401,49,0.12219451371571072,0.1596009975062344,0.0399002493765586,-0.00997506234413965,0.4944574449677865,Monte Carlo absorption estimates,32,isolated execution environment with common per-seed disturbance stream,exact-discrete-slip,1.0,,True,11410,11410,0,45357,401,113.10972568578553,leaf-dynamics-v2: preparation + online; excludes execution and visualization
stochastic_double_integrator_parking,SDTA-MDP,1,10.923452900024131,7.751359999994747,3.172092100023292,2,3.4430015022917964,0.95,0.0,6,6,0,25,32,ok,47414,0.29877470002975315,7.45101059996523,0.000828899908810854,sampled,sampled-forced,False,False,,,,,finite-action,finite-core,cpu,,,,,stochastic,0.1,random-action-slip,321,21,0.06542056074766354,0.08411214953271028,0.028037383177570093,0.0,0.4157465116417331,Monte Carlo absorption estimates,32,isolated execution environment with common per-seed disturbance stream,exact-discrete-slip,1.0,,True,11444,11444,0,35970,321,112.05607476635514,leaf-dynamics-v2: preparation + online; excludes execution and visualization
stochastic_double_integrator_parking,SDTA-MDP,2,12.834213599911891,8.63782929989975,4.1963832000037655,3,4.863803134870482,0.95,0.0,6,6,0,27,32,ok,50456,0.31489100004546344,8.3198878999101,0.0017314000288024545,sampled,sampled-forced,False,False,,,,,finite-action,finite-core,cpu,,,,,stochastic,0.1,random-action-slip,343,28,0.08163265306122448,0.11370262390670553,-0.03206997084548105,0.011661807580174927,0.4927850083702149,Monte Carlo absorption estimates,32,isolated execution environment with common per-seed disturbance stream,exact-discrete-slip,1.0,,True,11366,11366,0,39090,343,113.96501457725948,leaf-dynamics-v2: preparation + online; excludes execution and visualization
stochastic_double_integrator_parking,SDTA-MDP,3,15.587121600052342,7.386020199977793,8.20110010006465,3,4.959339055369025,0.9,0.0,6,6,0,27,32,ok,101686,0.26922060002107173,7.114196399925277,0.0017121999990195036,sampled,sampled-forced,False,False,,,,,finite-action,finite-core,cpu,,,,,stochastic,0.1,random-action-slip,768,75,0.09765625,0.11588541666666667,-0.01171875,0.0078125,0.4939590674524367,Monte Carlo absorption estimates,32,isolated execution environment with common per-seed disturbance stream,exact-discrete-slip,1.0,,True,11518,11518,0,90168,768,117.40625,leaf-dynamics-v2: preparation + online; excludes execution and visualization
stochastic_double_integrator_parking,SDTA-MDP,4,8.636358999996446,6.491964300046675,2.1443938000593334,1,4.253191799876214,1.0,0.0,6,6,0,26,32,ok,36479,0.2488720000255853,6.240674000000581,0.0012217999901622534,sampled,sampled-forced,False,False,,,,,finite-action,finite-core,cpu,,,,,stochastic,0.1,random-action-slip,236,30,0.1271186440677966,0.1652542372881356,-0.05084745762711865,-0.029661016949152543,0.528230222088621,Monte Carlo absorption estimates,32,isolated execution environment with common per-seed disturbance stream,exact-discrete-slip,1.0,,True,10745,10745,0,25734,236,109.04237288135593,leaf-dynamics-v2: preparation + online; excludes execution and visualization
stochastic_double_integrator_parking,SDTA-MDP,5,12.850669300067239,7.495202500023879,5.355466200038791,3,4.3209979680791655,0.95,0.0,6,6,0,28,32,ok,71987,0.3223330999026075,7.1698817000724375,0.001712299999780953,sampled,sampled-forced,False,False,,,,,finite-action,finite-core,cpu,,,,,stochastic,0.1,random-action-slip,522,48,0.09195402298850575,0.11302681992337164,0.0038314176245210726,0.005747126436781609,0.47661095908739476,Monte Carlo absorption estimates,32,isolated execution environment with common per-seed disturbance stream,exact-discrete-slip,1.0,,True,11336,11336,0,60651,522,116.1896551724138,leaf-dynamics-v2: preparation + online; excludes execution and visualization
stochastic_double_integrator_parking,SDTA-MDP,6,12.345535599975847,7.307302700006403,5.038231799961068,2,3.9269944652768514,0.9,0.0,6,6,0,26,32,ok,60510,0.2890796000137925,7.01558460004162,0.0014000999508425593,sampled,sampled-forced,False,False,,,,,finite-action,finite-core,cpu,,,,,stochastic,0.1,random-action-slip,427,35,0.08196721311475409,0.11007025761124122,-0.00234192037470726,0.0,0.4879618779018696,Monte Carlo absorption estimates,32,isolated execution environment with common per-seed disturbance stream,exact-discrete-slip,1.0,,True,11427,11427,0,49083,427,114.94847775175644,leaf-dynamics-v2: preparation + online; excludes execution and visualization
stochastic_double_integrator_parking,SDTA-MDP,7,11.321034099906683,6.841373999952339,4.479659199947491,1,4.22229821922439,0.9,0.0,6,6,0,29,32,ok,63474,0.2786102000391111,6.5601098000770435,0.0011473000049591064,sampled,sampled-forced,False,False,,,,,finite-action,finite-core,cpu,,,,,stochastic,0.1,random-action-slip,454,52,0.1145374449339207,0.14096916299559473,0.01762114537444934,0.00881057268722467,0.48532460492061874,Monte Carlo absorption estimates,32,isolated execution environment with common per-seed disturbance stream,exact-discrete-slip,1.0,,True,11364,11364,0,52110,454,114.77973568281938,leaf-dynamics-v2: preparation + online; excludes execution and visualization
stochastic_double_integrator_parking,SDTA-MDP,8,14.430768199963495,7.575434400001541,6.855333099956624,1,4.640276942703823,0.85,0.0,6,6,0,29,32,ok,89939,0.3175827000522986,7.255365499993786,0.0011677000438794494,sampled,sampled-forced,False,False,,,,,finite-action,finite-core,cpu,,,,,stochastic,0.1,random-action-slip,669,64,0.09566517189835576,0.13153961136023917,-0.01195814648729447,0.014947683109118086,0.4924385961459634,Monte Carlo absorption estimates,32,isolated execution environment with common per-seed disturbance stream,exact-discrete-slip,1.0,,True,11522,11522,0,78417,669,117.2152466367713,leaf-dynamics-v2: preparation + online; excludes execution and visualization
stochastic_double_integrator_parking,SDTA-MDP,9,14.878353900043294,7.299897300079465,7.578455899958499,2,9.587298120426585,0.9,0.0,6,6,0,25,32,ok,96738,0.3374531000154093,6.959815899957903,0.0014177999692037702,sampled,sampled-forced,False,False,,,,,finite-action,finite-core,cpu,,,,,stochastic,0.1,random-action-slip,726,79,0.10881542699724518,0.1418732782369146,-0.028925619834710745,-0.005509641873278237,0.43691765924538095,Monte Carlo absorption estimates,32,isolated execution environment with common per-seed disturbance stream,exact-discrete-slip,1.0,,True,11520,11520,0,85218,726,117.3801652892562,leaf-dynamics-v2: preparation + online; excludes execution and visualization
stochastic_pendulum_swing_up,SDTA-MDP,0,15.08251159999054,5.244106899946928,9.838403800036758,2,56.75123085507492,1.0,0.0,5,5,0,47,32,ok,59307,0.237725600018166,5.0028386999620125,0.0015956000424921513,sampled,sampled-forced,False,False,,,,,continuous-action,adaptive-candidates,cpu,,,,,stochastic,0.05,gaussian-action-noise,1067,696,0.6522961574507966,0.09768814271038921,0.0951265229615745,0.0967160884905679,0.6832996590529238,Monte Carlo absorption estimates,32,isolated execution environment with common per-seed disturbance stream,bounded-ksigma-representative,0.9544997361036417,3,True,5282,5282,0,54025,1067,50.63261480787254,leaf-dynamics-v2: preparation + online; excludes execution and visualization
stochastic_pendulum_swing_up,SDTA-MDP,1,12.271626500063576,4.08223389997147,8.189391600084491,2,37.45294071148824,1.0,0.0,5,5,0,44,32,ok,54712,0.19293699995614588,3.8858029999537393,0.0016895000590011477,sampled,sampled-forced,False,False,,,,,continuous-action,adaptive-candidates,cpu,,,,,stochastic,0.05,gaussian-action-noise,932,631,0.677038626609442,0.10485578500887725,0.13251072961373392,0.12279331418861149,0.6416648313918729,Monte Carlo absorption estimates,32,isolated execution environment with common per-seed disturbance stream,bounded-ksigma-representative,0.9544997361036417,3,True,4638,4638,0,50074,932,53.727467811158796,leaf-dynamics-v2: preparation + online; excludes execution and visualization
stochastic_pendulum_swing_up,SDTA-MDP,2,13.42570850008633,4.509588000015356,8.916119800065644,1,46.58707396161293,1.0,0.0,5,5,0,43,32,ok,58749,0.23869130003731698,4.268947500037029,0.0007473001023754478,sampled,sampled-forced,False,False,,,,,continuous-action,adaptive-candidates,cpu,,,,,stochastic,0.05,gaussian-action-noise,1064,737,0.6926691729323309,0.10826356744522994,-0.03759398496240601,-0.038389033375094125,0.6423294752297943,Monte Carlo absorption estimates,32,isolated execution environment with common per-seed disturbance stream,bounded-ksigma-representative,0.9544997361036417,3,True,5034,5034,0,53715,1064,50.484022556390975,leaf-dynamics-v2: preparation + online; excludes execution and visualization
stochastic_pendulum_swing_up,SDTA-MDP,3,13.746659299940802,4.513437299989164,9.23322139994707,2,48.25022099869689,1.0,0.0,5,5,0,46,32,ok,61990,0.22732039995025843,4.282293599913828,0.001178800011985004,sampled,sampled-forced,False,False,,,,,continuous-action,adaptive-candidates,cpu,,,,,stochastic,0.05,gaussian-action-noise,1064,733,0.6889097744360902,0.11061148034837032,0.24671052631578946,0.23673045272659624,0.7025929688663328,Monte Carlo absorption estimates,32,isolated execution environment with common per-seed disturbance stream,bounded-ksigma-representative,0.9544997361036417,3,True,5155,5155,0,56835,1064,53.41635338345865,leaf-dynamics-v2: preparation + online; excludes execution and visualization
stochastic_pendulum_swing_up,SDTA-MDP,4,12.909379299962893,3.876892499974929,9.032486099982634,2,47.83887608018349,1.0,0.0,5,5,0,46,32,ok,55932,0.17825060000177473,3.69631750008557,0.0009925999911502004,sampled,sampled-forced,False,False,,,,,continuous-action,adaptive-candidates,cpu,,,,,stochastic,0.05,gaussian-action-noise,1017,697,0.6853490658800393,0.10996359729030894,-0.012782694198623401,-0.014358168594501756,0.6621396549598275,Monte Carlo absorption estimates,32,isolated execution environment with common per-seed disturbance stream,bounded-ksigma-representative,0.9544997361036417,3,True,4769,4769,0,51163,1017,50.30776794493609,leaf-dynamics-v2: preparation + online; excludes execution and visualization
stochastic_pendulum_swing_up,SDTA-MDP,5,12.809994200011715,4.477545799920335,8.332447400083765,2,51.07870004703756,1.0,0.0,5,5,0,46,32,ok,56024,0.18593000003602356,4.288334199925885,0.00153629994019866,sampled,sampled-forced,False,False,,,,,continuous-action,adaptive-candidates,cpu,,,,,stochastic,0.05,gaussian-action-noise,1009,676,0.6699702675916749,0.10632772727382112,-0.007433102081268583,-0.00915996693538437,0.6910936602766642,Monte Carlo absorption estimates,32,isolated execution environment with common per-seed disturbance stream,bounded-ksigma-representative,0.9544997361036417,3,True,5345,5345,0,50679,1009,50.22695738354807,leaf-dynamics-v2: preparation + online; excludes execution and visualization
stochastic_pendulum_swing_up,SDTA-MDP,6,12.757244399981573,4.190069300006144,8.56717449997086,3,48.40581440092341,1.0,0.0,5,5,0,45,32,ok,58886,0.21931940002832562,3.9678505999036133,0.0017837999621406198,sampled,sampled-forced,False,False,,,,,continuous-action,adaptive-candidates,cpu,,,,,stochastic,0.05,gaussian-action-noise,990,692,0.6989898989898989,0.11367343125029843,0.22121212121212122,0.21124472103542768,0.6490702947458485,Monte Carlo absorption estimates,32,isolated execution environment with common per-seed disturbance stream,bounded-ksigma-representative,0.9544997361036417,3,True,4819,4819,0,54067,990,54.61313131313131,leaf-dynamics-v2: preparation + online; excludes execution and visualization
stochastic_pendulum_swing_up,SDTA-MDP,7,15.480717699974775,5.117590299923904,10.363126500044018,2,37.584926509367655,1.0,0.0,5,5,0,46,32,ok,58172,0.17291830002795905,4.941331000067294,0.0015700999647378922,sampled,sampled-forced,False,False,,,,,continuous-action,adaptive-candidates,cpu,,,,,stochastic,0.05,gaussian-action-noise,962,667,0.6933471933471933,0.11020014272867762,0.03898128898128898,0.03829651140616397,0.6524725336115946,Monte Carlo absorption estimates,32,isolated execution environment with common per-seed disturbance stream,bounded-ksigma-representative,0.9544997361036417,3,True,5215,5215,0,52957,962,55.04885654885655,leaf-dynamics-v2: preparation + online; excludes execution and visualization
stochastic_pendulum_swing_up,SDTA-MDP,8,13.275666600093246,4.54906160000246,8.726604100083932,2,40.330452292370616,1.0,0.0,5,5,0,44,32,ok,59749,0.18625480006448925,4.359791800030507,0.0016659999964758754,sampled,sampled-forced,False,False,,,,,continuous-action,adaptive-candidates,cpu,,,,,stochastic,0.05,gaussian-action-noise,1003,680,0.6779661016949152,0.10930653077466305,-0.19242273180458624,-0.192156428087779,0.7158625246234358,Monte Carlo absorption estimates,32,isolated execution environment with common per-seed disturbance stream,bounded-ksigma-representative,0.9544997361036417,3,True,5521,5521,0,54228,1003,54.06580259222333,leaf-dynamics-v2: preparation + online; excludes execution and visualization
stochastic_pendulum_swing_up,SDTA-MDP,9,16.2298385000322,4.18413009995129,12.045707500074059,2,71.57174658716083,1.0,0.0,5,5,0,42,32,ok,74114,0.1956959000090137,3.985237199929543,0.0015388999599963427,sampled,sampled-forced,False,False,,,,,continuous-action,adaptive-candidates,cpu,,,,,stochastic,0.05,gaussian-action-noise,1260,841,0.6674603174603174,0.09949934947723237,0.029365079365079365,0.02848729522510277,0.6189687728926232,Monte Carlo absorption estimates,32,isolated execution environment with common per-seed disturbance stream,bounded-ksigma-representative,0.9544997361036417,3,True,4848,4848,0,69266,1260,54.973015873015875,leaf-dynamics-v2: preparation + online; excludes execution and visualization
stochastic_point_mass,SDTA-MDP,0,53.66893160005566,14.677183100022376,38.99174770002719,2,14.731293997284633,1.0,0.05,5,5,0,35,32,ok,345360,0.21635389991570264,14.457670800038613,0.0014845000114291906,sampled,sampled-forced,False,False,,,,,finite-action,finite-core,cpu,,,,,stochastic,0.1,random-action-slip,435,40,0.09195402298850575,0.15172413793103448,2.0068965517241377,2.0068965517241377,0.6510279074936138,Monte Carlo absorption estimates,32,isolated execution environment with common per-seed disturbance stream,exact-discrete-slip,1.0,,True,15385,15385,0,329975,435,758.5632183908046,leaf-dynamics-v2: preparation + online; excludes execution and visualization
stochastic_point_mass,SDTA-MDP,1,58.01962280005682,14.335128600010648,43.68449320003856,3,12.804964837277259,1.0,0.05,5,5,0,34,32,ok,339060,0.18498670007102191,14.145386099931784,0.0024686999386176467,sampled,sampled-forced,False,False,,,,,finite-action,finite-core,cpu,,,,,stochastic,0.1,random-action-slip,428,38,0.08878504672897196,0.1542056074766355,2.0116822429906542,2.0210280373831777,0.6338846639371398,Monte Carlo absorption estimates,32,isolated execution environment with common per-seed disturbance stream,exact-discrete-slip,1.0,,True,15385,15385,0,323675,428,756.25,leaf-dynamics-v2: preparation + online; excludes execution and visualization
stochastic_point_mass,SDTA-MDP,2,56.73100040003192,14.71232500008773,42.018674300052226,3,13.216759600776859,1.0,0.05,5,5,0,35,32,ok,338382,0.18460360006429255,14.523315300000831,0.002769899903796613,sampled,sampled-forced,False,False,,,,,finite-action,finite-core,cpu,,,,,stochastic,0.1,random-action-slip,426,27,0.06338028169014084,0.11502347417840375,2.023474178403756,1.9976525821596245,0.6493176887980346,Monte Carlo absorption estimates,32,isolated execution environment with common per-seed disturbance stream,exact-discrete-slip,1.0,,True,16057,16057,0,322325,426,756.631455399061,leaf-dynamics-v2: preparation + online; excludes execution and visualization
stochastic_point_mass,SDTA-MDP,3,52.49127340002451,16.230495600029826,36.26077699998859,2,13.131427204919078,1.0,0.05,5,5,0,33,32,ok,336032,0.214352700044401,16.012755700037815,0.0018981000175699592,sampled,sampled-forced,False,False,,,,,finite-action,finite-core,cpu,,,,,stochastic,0.1,random-action-slip,423,36,0.0851063829787234,0.16784869976359337,1.9976359338061467,2.0425531914893615,0.6276627095678959,Monte Carlo absorption estimates,32,isolated execution environment with common per-seed disturbance stream,exact-discrete-slip,1.0,,True,15357,15357,0,320675,423,758.0969267139479,leaf-dynamics-v2: preparation + online; excludes execution and visualization
stochastic_point_mass,SDTA-MDP,4,56.603025200078264,15.513303600018844,41.08972080005333,3,15.55837905277257,1.0,0.1,5,5,0,37,32,ok,347624,0.19167910004034638,15.318344700033776,0.0016728999326005578,sampled,sampled-forced,False,False,,,,,finite-action,finite-core,cpu,,,,,stochastic,0.1,random-action-slip,438,54,0.1232876712328767,0.20319634703196346,2.029680365296804,2.0273972602739727,0.6554057549493367,Monte Carlo absorption estimates,32,isolated execution environment with common per-seed disturbance stream,exact-discrete-slip,1.0,,True,15774,15774,0,331850,438,757.648401826484,leaf-dynamics-v2: preparation + online; excludes execution and visualization
stochastic_point_mass,SDTA-MDP,5,51.73122010007501,12.98906190006528,38.742157500004396,3,15.171036696847347,1.0,0.15,5,5,0,34,32,ok,343219,0.18514549999963492,12.801032099989243,0.0018526000203564763,sampled,sampled-forced,False,False,,,,,finite-action,finite-core,cpu,,,,,stochastic,0.1,random-action-slip,431,41,0.0951276102088167,0.18097447795823665,1.9930394431554523,1.9559164733178653,0.6077163251129473,Monte Carlo absorption estimates,32,isolated execution environment with common per-seed disturbance stream,exact-discrete-slip,1.0,,True,16119,16119,0,327100,431,758.9327146171694,leaf-dynamics-v2: preparation + online; excludes execution and visualization
stochastic_point_mass,SDTA-MDP,6,49.43727360002231,12.844929900020361,36.592342899995856,3,12.702676480622653,1.0,0.05,5,5,0,36,32,ok,329446,0.18723090004641563,12.655747200013138,0.0010643999557942152,sampled,sampled-forced,False,False,,,,,finite-action,finite-core,cpu,,,,,stochastic,0.1,random-action-slip,415,32,0.07710843373493977,0.12530120481927712,2.0,2.0433734939759036,0.6408610796524933,Monte Carlo absorption estimates,32,isolated execution environment with common per-seed disturbance stream,exact-discrete-slip,1.0,,True,15571,15571,0,313875,415,756.3253012048193,leaf-dynamics-v2: preparation + online; excludes execution and visualization
stochastic_point_mass,SDTA-MDP,7,54.248898299993016,12.969049299950711,41.279848300036974,3,14.760485107559584,1.0,0.1,5,5,0,36,32,ok,345879,0.1717998000094667,12.794986900058575,0.0012932000681757927,sampled,sampled-forced,False,False,,,,,finite-action,finite-core,cpu,,,,,stochastic,0.1,random-action-slip,435,48,0.1103448275862069,0.22298850574712645,2.025287356321839,1.9954022988505746,0.6151995148433336,Monte Carlo absorption estimates,32,isolated execution environment with common per-seed disturbance stream,exact-discrete-slip,1.0,,True,15504,15504,0,330375,435,759.4827586206897,leaf-dynamics-v2: preparation + online; excludes execution and visualization
stochastic_point_mass,SDTA-MDP,8,52.18660589994397,13.015130799962208,39.171473799971864,2,17.41932573323239,1.0,0.15,5,5,0,34,32,ok,345132,0.17802639992441982,12.833105199970305,0.0030800000531598926,sampled,sampled-forced,False,False,,,,,finite-action,finite-core,cpu,,,,,stochastic,0.1,random-action-slip,435,37,0.08505747126436781,0.1471264367816092,2.004597701149425,2.0229885057471266,0.614717330409421,Monte Carlo absorption estimates,32,isolated execution environment with common per-seed disturbance stream,exact-discrete-slip,1.0,,True,15907,15907,0,329225,435,756.8390804597701,leaf-dynamics-v2: preparation + online; excludes execution and visualization
stochastic_point_mass,SDTA-MDP,9,45.03594960004557,12.007291599991731,33.02865690004546,2,17.80034818889318,1.0,0.25,5,5,0,34,32,ok,362792,0.1930852000368759,11.810782499960624,0.002069299924187362,sampled,sampled-forced,False,False,,,,,finite-action,finite-core,cpu,,,,,stochastic,0.1,random-action-slip,458,59,0.12882096069868995,0.22270742358078602,1.960698689956332,1.9344978165938864,0.651949330019157,Monte Carlo absorption estimates,32,isolated execution environment with common per-seed disturbance stream,exact-discrete-slip,1.0,,True,15092,15092,0,347700,458,759.170305676856,leaf-dynamics-v2: preparation + online; excludes execution and visualization
